танцы,телевизор
спорт,скалолазание
грибы
охота
туризм,скалолазание
туризм,скалолазание
спорт,скалолазание
туризм,скалолазание
рыбалка,телевизор
грибы
рыбалка,телевизор
туризм,скалолазание
грибы
спорт,скалолазание
спорт,скалолазание
танцы,телевизор
танцы,телевизор
танцы,телевизор
охота
грибы
спорт,скалолазание
грибы
спорт,скалолазание
танцы,телевизор
туризм,скалолазание
грибы
грибы
охота
рыбалка,телевизор
грибы
грибы
танцы,телевизор
туризм,скалолазание
туризм,скалолазание
рыбалка,телевизор
спорт,скалолазание
танцы,телевизор
танцы,телевизор
охота
танцы,телевизор
грибы
туризм,скалолазание
охота
спорт,скалолазание
рыбалка,телевизор
танцы,телевизор
танцы,телевизор
танцы,телевизор
грибы